<?xml version='1.0' ?>
 <!DOCTYPE recipe [
 <!ELEMENT recipe (cuisine , recipe_name, meal, prep_time,  cook_time , ingredients , directions , serve_with, recipe_notes)>
 <!ATTLIST recipe authorname CDATA #REQUIRED>
 <!ATTLIST recipe Date_published CDATA #IMPLIED>
 <!ATTLIST recipe Calories CDATA #IMPLIED>
 <!ELEMENT cuisine (#PCDATA)>
 <!ATTLIST cuisine type (Sweet|Spicy) #REQUIRED>
 <!ELEMENT recipe_name (#PCDATA)>
 <!ELEMENT prep_time (#PCDATA)>
 <!ELEMENT cook_time (#PCDATA)>
 <!ELEMENT meal (#PCDATA)> 
 <!ELEMENT ingredients (item+) >
 <!ELEMENT item (#PCDATA) >
 <!ELEMENT directions (action+) >
 <!ELEMENT action (#PCDATA) >
 <!ELEMENT serve_with (#PCDATA) >
 <!ATTLIST serve_with sidedish CDATA #FIXED "Homemade Whipped Cream">
 <!ELEMENT recipe_notes (#PCDATA) >
 <!ATTLIST recipe_notes pan_size CDATA #IMPLIED>
]>
<recipe authorname="Melissa Stadler, Modern Honey" Calories="500">    
    <cuisine type="Sweet">American</cuisine>
    <recipe_name>Chocolate Chip Cookie Bars</recipe_name>    
    <meal>Dessert</meal>
    <prep_time>10 minutes</prep_time>
    <cook_time>30 minutes</cook_time>   
    <ingredients>
	     <item>1/2 cup Butter softened</item>
	     <item>1/2 cup Brown Sugar</item>
	     <item>1/2 cup Sugar</item>
       	     <item>1 Egg</item>
       	     <item>2 teaspoons Vanilla</item>
       	     <item>1 cup Flour</item>
       	     <item>1/2 teaspoon Baking Soda</item>
       	     <item>1/4 teaspoon Salt</item>
       	     <item>1 cup Semi-sweet Chocolate Chips</item>
    </ingredients>
    <directions>
       	    <action>Preheat oven to 350 degrees.</action>
	    <action>Cream butter, brown sugar, and sugar for 4 minutes, until light and fluffy. Stir in egg(s) and vanilla and mix well.</action>
	    <action>Stir in flour, baking soda, and salt. Stir until incorporated.</action>
 	    <action>Stir in chocolate chips.</action>
	    <action>Bake for 28-34 minutes, or until light golden brown.</action>
	    <action>Let cool for 10 minutes before cutting into squares.</action>
    </directions>  
  <serve_with sidedish="Homemade Whipped Cream"/>
  <recipe_notes>*** I suggest using an aluminum pan. This recipe DOES NOT work as well in a glass pan.</recipe_notes>
</recipe>